{
  "train_loss": [
    2.2475263488437482,
    0.9086510244651362,
    0.7589314121466416,
    0.7264923583640743,
    0.7064433756627535,
    0.6965822280659849,
    0.6916311503904551,
    0.6843123942734259,
    0.6780376113378085,
    0.6769252861077003,
    0.6733856271153037,
    0.6633752866795188,
    0.6647124927536197,
    0.6621239050197215,
    0.6516777164781624,
    0.6520654620670596,
    0.6486782569151658,
    0.6444491608905406,
    0.6425679768869269,
    0.6418947813964566,
    0.6385927833767555,
    0.6368937617854068,
    0.6351404164725469,
    0.6277661193237614,
    0.6304271591578418,
    0.6264600943215946,
    0.6265664665322555,
    0.6253689017131744,
    0.6194751922659546,
    0.617480392880768,
    0.6218718722281669,
    0.6237187708920313,
    0.6227002310366766,
    0.6229669452920134,
    0.6190312315336606,
    0.6195260685706429,
    0.6151960192904299,
    0.6149631981183643,
    0.6173892332474712,
    0.6145992034118668,
    0.6105257499555827,
    0.6127824580621141,
    0.6144321815446321,
    0.613828796365483,
    0.6097082679088299,
    0.6109075075701663,
    0.6137163202289627,
    0.6102172959188701,
    0.6127744107111263,
    0.6107636185792776
  ],
  "val_acc": [
    0.5858227848101266,
    0.5569620253164557,
    0.5513924050632911,
    0.5751898734177215,
    0.5767088607594937,
    0.5746835443037974,
    0.570126582278481,
    0.6040506329113924,
    0.6075949367088608,
    0.6081012658227848,
    0.6116455696202532,
    0.610632911392405,
    0.6232911392405063,
    0.6253164556962025,
    0.619746835443038,
    0.5979746835443038,
    0.6313924050632911,
    0.620253164556962,
    0.6207594936708861,
    0.6263291139240507,
    0.6334177215189873,
    0.6440506329113924,
    0.6207594936708861,
    0.6318987341772152,
    0.6278481012658228,
    0.6415189873417722,
    0.6389873417721519,
    0.6425316455696203,
    0.6354430379746835,
    0.6329113924050633,
    0.64,
    0.6384810126582279,
    0.6384810126582279,
    0.640506329113924,
    0.6349367088607595,
    0.6420253164556962,
    0.6379746835443038,
    0.6354430379746835,
    0.6420253164556962,
    0.64,
    0.6344303797468355,
    0.6384810126582279,
    0.6384810126582279,
    0.639493670886076,
    0.6374683544303797,
    0.6379746835443038,
    0.6374683544303797,
    0.6369620253164557,
    0.6384810126582279,
    0.6379746835443038
  ],
  "val_pr_auc": [
    0.6111143240710597,
    0.5861425421138609,
    0.5788845213361099,
    0.6042696771440719,
    0.6055649903038489,
    0.6081612554995273,
    0.6297188999617398,
    0.6541676605060027,
    0.6489552938644242,
    0.6585113989005884,
    0.6571790566514437,
    0.6580146931259931,
    0.6729659855442358,
    0.6718221279603085,
    0.6637321933772294,
    0.6678484788731291,
    0.6832709138498355,
    0.6807358098459311,
    0.6749654169713939,
    0.6718204557577139,
    0.6767841209089078,
    0.6817754974193975,
    0.6803076625674034,
    0.6807291124590862,
    0.6859179923473073,
    0.687204542629962,
    0.6844281314606915,
    0.6890509592455214,
    0.6822355167658153,
    0.6811111614887325,
    0.6846705467041214,
    0.6852744291917998,
    0.6831488927135073,
    0.6816862852686238,
    0.6828320933469556,
    0.6841465217513054,
    0.6851794214229632,
    0.6838440800358694,
    0.6842232082857966,
    0.6839224721857338,
    0.683698469751264,
    0.6843842278418912,
    0.6849637761238117,
    0.6844798206176421,
    0.6848893283195493,
    0.6850433853757675,
    0.6851418201326942,
    0.6849371509994456,
    0.684782375173245,
    0.6848704975517755
  ],
  "val_roc_auc": [
    0.6133090500391732,
    0.5822596589673857,
    0.5838563265774912,
    0.6040459167558831,
    0.603517283388504,
    0.6071961819442223,
    0.6239842650816895,
    0.6478060946146053,
    0.6492484279438366,
    0.6561760374750296,
    0.6549362358432907,
    0.6555997194295067,
    0.6737250245088992,
    0.6697236134526168,
    0.6594093662962643,
    0.6619453707919553,
    0.6806264843778842,
    0.6772854804769699,
    0.6737598907251763,
    0.6709521348379132,
    0.6755513989556542,
    0.6810100127569333,
    0.6785129763853168,
    0.6745915525310824,
    0.6821688017096752,
    0.6823441582680103,
    0.6825502791348257,
    0.6856154297363704,
    0.6812663819942655,
    0.6797373958628159,
    0.6824179926083621,
    0.681893973887255,
    0.6801240006727128,
    0.6803516565554639,
    0.6816929804051866,
    0.681725795667565,
    0.6803260196317307,
    0.6807495416118036,
    0.6808469619219899,
    0.6806439174860228,
    0.6806726308406039,
    0.6814130251980197,
    0.682221101034091,
    0.6819606298889613,
    0.682274425835456,
    0.682211871741547,
    0.6821780310022191,
    0.6820221585059212,
    0.6819155089031909,
    0.6820867635537289
  ]
}